INSERT INTO Member (name, email, phone, address, age, membershipStartDate, membershipEndDate)
VALUES ('Amy Adams', 'aadams123@yahoo.com', '505-123-4567', '123 Fake St NW', 22, '01-01-2025', '01-01-2026'),
 ('Bill Burr', 'bburr321@gmail.com', '505-234-5678', '124 Fake St NW', 17, '01-01-2025', '01-01-2026'),
 ('Cathy Chavez', 'cchavez246@aol.com', '505-345-6789', '125 Fake St NW', 25, '01-01-2025', '01-01-2026'),
 ('Danny Dimes', 'ddimes135@yahoo.com', '505-456-7890', '126 Fake St NW', 34, '01-01-2025', '01-01-2026'),
 ('Evan Ewing', 'eewing1245@enmu.edu', '505-567-8901', '127 Fake St NW', 67, '01-01-2025', '01-01-2026');

INSERT INTO Instructor (name, specialty, phone, email)
VALUES ('Fabian Fever', 'Spinning', '505-678-9012', 'fabFever@yahoo.com'),
 ('Gal Gadot', 'Swimming', '505-789-0123', 'Ggadot@gmail.com'),
 ('Hallie Hobbs', 'Weightlifting', '505-890-1234', 'HHobbs@aol.com'),
 ('Isaac Ingles', 'Powerlifting', '505-901-2345', 'IINgles23@yahoo.com'),
 ('Jeremy Jaramillo', 'Yoga', '505-012-3456', 'JJJ24@enmu.edu');

INSERT INTO GymFacility (location, phone, manager)
VALUES ('Riverside', '505-123-4567', 'Kris Kringle'),
 ('Rio Rancho', '505-234-5678', 'Lex Luthor'),
 ('Santa Fe', '505-345-6789', 'Max Markham'),
 ('Westside', '505-456-7890', 'Nancy Nunez'),
 ('The Heights', '505-567-8901', 'Otto Octavius');

INSERT INTO Class (className, classType, duration, classCapacity, instructorId, gymId)
VALUES ('Amy Adams', 'aadams123@yahoo.com', '505-123-4567', '123 Fake St NW', 22, '01-01-2025'),
 ('Bill Burr', 'bburr321@gmail.com', '505-234-5678', '124 Fake St NW', 17, '01-01-2025'),
 ('Cathy Chavez', 'cchavez246@aol.com', '505-345-6789', '125 Fake St NW', 25, '01-01-2025'),
 ('Danny Dimes', 'ddimes135@yahoo.com', '505-456-7890', '126 Fake St NW', 34, '01-01-2025'),
 ('Evan Ewing', 'eewing1245@enmu.edu', '505-567-8901', '127 Fake St NW', 67, '01-01-2025');

INSERT INTO Equipment (name, type, quantity, gymId)
VALUES ('Amy Adams', 'aadams123@yahoo.com', '505-123-4567', '123 Fake St NW'),
 ('Bill Burr', 'bburr321@gmail.com', '505-234-5678', '124 Fake St NW'),
 ('Cathy Chavez', 'cchavez246@aol.com', '505-345-6789', '125 Fake St NW'),
 ('Danny Dimes', 'ddimes135@yahoo.com', '505-456-7890', '126 Fake St NW'),
 ('Evan Ewing', 'eewing1245@enmu.edu', '505-567-8901', '127 Fake St NW');

INSERT INTO MembershipPlan (name, email, phone, address, age, membershipStartDate, membershipEndDate)
VALUES ('Amy Adams', 'aadams123@yahoo.com', '505-123-4567', '123 Fake St NW', 22, '01-01-2025', '01-01-2026'),
 ('Bill Burr', 'bburr321@gmail.com', '505-234-5678', '124 Fake St NW', 17, '01-01-2025', '01-01-2026'),
 ('Cathy Chavez', 'cchavez246@aol.com', '505-345-6789', '125 Fake St NW', 25, '01-01-2025', '01-01-2026'),
 ('Danny Dimes', 'ddimes135@yahoo.com', '505-456-7890', '126 Fake St NW', 34, '01-01-2025', '01-01-2026'),
 ('Evan Ewing', 'eewing1245@enmu.edu', '505-567-8901', '127 Fake St NW', 67, '01-01-2025', '01-01-2026');

INSERT INTO Payment (name, email, phone, address, age, membershipStartDate, membershipEndDate)
VALUES ('Amy Adams', 'aadams123@yahoo.com', '505-123-4567', '123 Fake St NW', 22, '01-01-2025', '01-01-2026'),
 ('Bill Burr', 'bburr321@gmail.com', '505-234-5678', '124 Fake St NW', 17, '01-01-2025', '01-01-2026'),
 ('Cathy Chavez', 'cchavez246@aol.com', '505-345-6789', '125 Fake St NW', 25, '01-01-2025', '01-01-2026'),
 ('Danny Dimes', 'ddimes135@yahoo.com', '505-456-7890', '126 Fake St NW', 34, '01-01-2025', '01-01-2026'),
 ('Evan Ewing', 'eewing1245@enmu.edu', '505-567-8901', '127 Fake St NW', 67, '01-01-2025', '01-01-2026');

INSERT INTO Attends (name, email, phone, address, age, membershipStartDate, membershipEndDate)
VALUES ('Amy Adams', 'aadams123@yahoo.com', '505-123-4567', '123 Fake St NW', 22, '01-01-2025', '01-01-2026'),
 ('Bill Burr', 'bburr321@gmail.com', '505-234-5678', '124 Fake St NW', 17, '01-01-2025', '01-01-2026'),
 ('Cathy Chavez', 'cchavez246@aol.com', '505-345-6789', '125 Fake St NW', 25, '01-01-2025', '01-01-2026'),
 ('Danny Dimes', 'ddimes135@yahoo.com', '505-456-7890', '126 Fake St NW', 34, '01-01-2025', '01-01-2026'),
 ('Evan Ewing', 'eewing1245@enmu.edu', '505-567-8901', '127 Fake St NW', 67, '01-01-2025', '01-01-2026');